"taxon","date","location","host"
"CY016793",2006.5,"Afghanistan","chicken"
"CY020627",2006.5,"Afghanistan","chicken"
"CY020635",2006.5,"Afghanistan","chicken"
"CY021379",2006.5,"Afghanistan","chicken"
"CY020643",2006.5,"Afghanistan","chicken"
"HQ156771",2010.5,"Bangladesh","chicken"
"HQ156774",2010.5,"Bangladesh","chicken"
"HQ156758",2010.5,"Bangladesh","chicken"
"KC616571",2011.5,"Bangladesh","chicken"
"KC616579",2012.5,"Bangladesh","chicken"
"KC616580",2012.5,"Bangladesh","chicken"
"KC616581",2012.5,"Bangladesh","chicken"
"KC616582",2012.5,"Bangladesh","chicken"
"KC616583",2012.5,"Bangladesh","chicken"
"KC616584",2012.5,"Bangladesh","chicken"
"KC616585",2012.5,"Bangladesh","chicken"
"KC616586",2012.5,"Bangladesh","chicken"
"KC616587",2012.5,"Bangladesh","chicken"
"KC616588",2012.5,"Bangladesh","chicken"
"KC616572",2012.5,"Bangladesh","chicken"
"KC616573",2012.5,"Bangladesh","chicken"
"KC616574",2012.5,"Bangladesh","chicken"
"KC616575",2012.5,"Bangladesh","chicken"
"KC616576",2012.5,"Bangladesh","chicken"
"KC616577",2012.5,"Bangladesh","chicken"
"KC616578",2012.5,"Bangladesh","chicken"
"KM267803",2013.5,"Bangladesh","chicken"
"KM267811",2013.5,"Bangladesh","chicken"
"KM267866",2014.5,"Bangladesh","chicken"
"KM267874",2014.5,"Bangladesh","chicken"
"KM267882",2014.5,"Bangladesh","chicken"
"KM267890",2014.5,"Bangladesh","chicken"
"KF888544",2012.5,"Bangladesh","chicken"
"KF888500",2012.5,"Bangladesh","chicken"
"KF888520",2012.5,"Bangladesh","chicken"
"KF888528",2012.5,"Bangladesh","chicken"
"KF888476",2012.5,"Bangladesh","chicken"
"KF888454",2012.5,"Bangladesh","chicken"
"KF888512",2012.5,"Bangladesh","chicken"
"KY629527",2014.5,"Bangladesh","chicken"
"KY629525",2014.5,"Bangladesh","chicken"
"KY629544",2014.5,"Bangladesh","chicken"
"KY635546",2015.5,"Bangladesh","chicken"
"MG042373",2016.5,"Bangladesh","chicken"
"MG042445",2016.5,"Bangladesh","chicken"
"MH135644",2017.5,"Bangladesh","chicken"
"MH135578",2017.5,"Bangladesh","chicken"
"MH135511",2017.5,"Bangladesh","chicken"
"MH135515",2017.5,"Bangladesh","chicken"
"MN209561",2018.5,"Bangladesh","chicken"
"KF888414",2010.5,"Bangladesh","chicken"
"KF597842",2010.5,"Bangladesh","chicken"
"MK045829",2017.5,"Bangladesh","chicken"
"MK045837",2017.5,"Bangladesh","chicken"
"MK045964",2017.5,"Bangladesh","chicken"
"MK045972",2017.5,"Bangladesh","chicken"
"MK046065",2017.5,"Bangladesh","chicken"
"MN994127",2017.5,"Bangladesh","chicken"
"MN994135",2017.5,"Bangladesh","chicken"
"MN994093",2017.5,"Bangladesh","chicken"
"MN994143",2017.5,"Bangladesh","chicken"
"MN994151",2017.5,"Bangladesh","chicken"
"MN994159",2017.5,"Bangladesh","chicken"
"MN994167",2017.5,"Bangladesh","chicken"
"MN994175",2017.5,"Bangladesh","chicken"
"MN994183",2017.5,"Bangladesh","chicken"
"MN994191",2017.5,"Bangladesh","chicken"
"KP662557",2012.5,"Bhutan","chicken"
"KP662572",2012.5,"Bhutan","chicken"
"KP662574",2012.5,"Bhutan","chicken"
"KP662576",2012.5,"Bhutan","chicken"
"KT717203",2013.5,"Bhutan","chicken"
"KT717197",2013.5,"Bhutan","chicken"
"KP336303",2013.5,"Bhutan","chicken"
"KP662578",2012.5,"Bhutan","chicken"
"KP662580",2012.5,"Bhutan","chicken"
"KP662565",2012.5,"Bhutan","chicken"
"KP336297",2013.5,"Bhutan","chicken"
"KP336300",2013.5,"Bhutan","chicken"
"KP336294",2013.5,"Bhutan","chicken"
"KX215296",2012.5,"Bhutan","chicken"
"KX215358",2012.5,"Bhutan","chicken"
"KX215350",2012.5,"Bhutan","chicken"
"KX215217",2012.5,"Bhutan","chicken"
"KX215342",2012.5,"Bhutan","chicken"
"KT717200",2012.5,"Bhutan","chicken"
"CY066002",2010.5,"Bhutan","chicken"
"CY066010",2010.5,"Bhutan","chicken"
"CY063471",2010.5,"Bhutan","chicken"
"CY063479",2010.5,"Bhutan","chicken"
"KX215312",2012.5,"Bhutan","chicken"
"KX215295",2012.5,"Bhutan","chicken"
"KX215301",2012.5,"Bhutan","chicken"
"KX215460",2012.5,"Bhutan","chicken"
"KX215383",2012.5,"Bhutan","chicken"
"KX215466",2012.5,"Bhutan","chicken"
"KX215318",2012.5,"Bhutan","chicken"
"KX215374",2012.5,"Bhutan","chicken"
"KX215250",2012.5,"Bhutan","chicken"
"KX215325",2012.5,"Bhutan","chicken"
"KX215234",2012.5,"Bhutan","chicken"
"KX215458",2012.5,"Bhutan","chicken"
"KX215322",2012.5,"Bhutan","chicken"
"KX215363",2012.5,"Bhutan","chicken"
"KX215341",2012.5,"Bhutan","chicken"
"KX215462",2012.5,"Bhutan","chicken"
"KX215427",2012.5,"Bhutan","chicken"
"KX215277",2012.5,"Bhutan","chicken"
"KX215291",2012.5,"Bhutan","chicken"
"KX215407",2012.5,"Bhutan","chicken"
"KX215411",2012.5,"Bhutan","chicken"
"KX215340",2012.5,"Bhutan","chicken"
"KX215387",2012.5,"Bhutan","chicken"
"KX215388",2012.5,"Bhutan","chicken"
"KX215327",2012.5,"Bhutan","chicken"
"KX215332",2012.5,"Bhutan","chicken"
"KX215393",2012.5,"Bhutan","chicken"
"KX215269",2012.5,"Bhutan","chicken"
"KX215202",2012.5,"Bhutan","chicken"
"KX215199",2012.5,"Bhutan","chicken"
"KX215338",2012.5,"Bhutan","chicken"
"KP732553",2014.5,"China","chicken"
"KY437805",2014.5,"China","chicken"
"MF116342",2012.5,"China","chicken"
"MF116343",2012.5,"China","chicken"
"KP732560",2014.5,"China","chicken"
"KC261457",2010.5,"China","chicken"
"KC261455",2011.5,"China","chicken"
"KX160152",2012.5,"China","chicken"
"KX160160",2012.5,"China","chicken"
"KP762512",2014.5,"China","chicken"
"KP762507",2013.5,"China","chicken"
"MF673389",2015.5,"China","chicken"
"JQ638685",2010.5,"China","chicken"
"MK743997",2011.5,"China","chicken"
"KX160184",2011.5,"China","chicken"
"KX160191",2012.5,"China","chicken"
"KF638577",2012.5,"China","chicken"
"KC261456",2010.5,"China","chicken"
"KP732545",2014.5,"China","chicken"
"KU143522",2014.5,"China","chicken"
"KU143523",2014.5,"China","chicken"
"KJ907605",2013.5,"China","chicken"
"KJ907613",2013.5,"China","chicken"
"KJ683886",2014.5,"China","chicken"
"AF046085",1997.5,"Hong Kong","chicken"
"AF098590",1997.5,"Hong Kong","chicken"
"GU052087",2001.5,"Hong Kong","chicken"
"AF509178",2001.5,"Hong Kong","chicken"
"AF098592",1997.5,"Hong Kong","chicken"
"AF509179",2001.5,"Hong Kong","chicken"
"AF098593",1997.5,"Hong Kong","chicken"
"AF509180",2001.5,"Hong Kong","chicken"
"AF509181",2001.5,"Hong Kong","chicken"
"AF509182",2001.5,"Hong Kong","chicken"
"AF509183",2001.5,"Hong Kong","chicken"
"AF509184",2001.5,"Hong Kong","chicken"
"AF509185",2001.5,"Hong Kong","chicken"
"AF509187",2001.5,"Hong Kong","chicken"
"AF509188",2001.5,"Hong Kong","chicken"
"AF509186",2001.5,"Hong Kong","chicken"
"AF509189",2001.5,"Hong Kong","chicken"
"AF509190",2001.5,"Hong Kong","chicken"
"AF509169",2001.5,"Hong Kong","chicken"
"AF509177",2001.5,"Hong Kong","chicken"
"AF509171",2001.5,"Hong Kong","chicken"
"AF098591",1997.5,"Hong Kong","chicken"
"AY221577",2001.5,"Hong Kong","chicken"
"AY221576",2001.5,"Hong Kong","chicken"
"AY221575",2001.5,"Hong Kong","chicken"
"AY221582",2001.5,"Hong Kong","chicken"
"AY221581",2001.5,"Hong Kong","chicken"
"AF509174",2001.5,"Hong Kong","chicken"
"EF123898",2006.5,"Hong Kong","chicken"
"DQ321321",2002.5,"Hong Kong","chicken"
"AY576402",2002.5,"Hong Kong","chicken"
"GU186678",2002.5,"Hong Kong","chicken"
"GU052140",1997.5,"Hong Kong","chicken"
"DQ321322",2002.5,"Hong Kong","chicken"
"AF098594",1997.5,"Hong Kong","chicken"
"EF123903",2006.5,"Hong Kong","chicken"
"KF735630",2008.5,"Hong Kong","chicken"
"GU052492",2006.5,"Hong Kong","chicken"
"AF509172",2001.5,"Hong Kong","chicken"
"AY221578",2001.5,"Hong Kong","chicken"
"AF509170",2001.5,"Hong Kong","chicken"
"AY221583",2001.5,"Hong Kong","chicken"
"GU354057",2008.5,"India","chicken"
"GU252814",2008.5,"India","chicken"
"GU066386",2008.5,"India","chicken"
"KJ643886",2012.5,"India","chicken"
"KJ643894",2012.5,"India","chicken"
"KT717187",2012.5,"India","chicken"
"KP336360",2012.5,"India","chicken"
"KM267760",2012.5,"India","chicken"
"KM110970",2013.5,"India","chicken"
"KM267763",2012.5,"India","chicken"
"JX294925",2011.5,"India","chicken"
"KT285355",2015.5,"India","chicken"
"KT867366",2015.5,"India","chicken"
"KJ162125",2013.5,"India","chicken"
"KJ162130",2013.5,"India","chicken"
"KP336283",2011.5,"India","chicken"
"KP336284",2011.5,"India","chicken"
"KP336373",2011.5,"India","chicken"
"KP336375",2011.5,"India","chicken"
"CY090106",2008.5,"India","chicken"
"KT327364",2008.5,"India","chicken"
"KP336317",2013.5,"India","chicken"
"KP336320",2013.5,"India","chicken"
"CY090114",2010.5,"India","chicken"
"MK392498",2008.5,"India","chicken"
"MK392534",2008.5,"India","chicken"
"MK392550",2008.5,"India","chicken"
"CY111055",2008.5,"India","chicken"
"CY111063",2008.5,"India","chicken"
"CY090122",2008.5,"India","chicken"
"CY111071",2008.5,"India","chicken"
"CY111079",2008.5,"India","chicken"
"CY111087",2008.5,"India","chicken"
"CY111095",2008.5,"India","chicken"
"MK392574",2008.5,"India","chicken"
"MK392583",2008.5,"India","chicken"
"CY111103",2008.5,"India","chicken"
"CY111111",2008.5,"India","chicken"
"MK392386",2008.5,"India","chicken"
"MK392468",2008.5,"India","chicken"
"MK392476",2008.5,"India","chicken"
"CY111119",2008.5,"India","chicken"
"CY092122",2011.5,"India","chicken"
"CY092128",2011.5,"India","chicken"
"CY092134",2011.5,"India","chicken"
"CY092140",2011.5,"India","chicken"
"EF362424",2006.5,"India","chicken"
"EF362432",2006.5,"India","chicken"
"CY092116",2011.5,"India","chicken"
"CY046068",2008.5,"India","chicken"
"CY046110",2008.5,"India","chicken"
"GQ917234",2009.5,"India","chicken"
"FJ010998",2006.5,"India","chicken"
"FJ010989",2006.5,"India","chicken"
"FJ010981",2006.5,"India","chicken"
"FJ719832",2007.5,"India","chicken"
"GU454579",2006.5,"India","chicken"
"GU454576",2006.5,"India","chicken"
"GU354063",2006.5,"India","chicken"
"GU354079",2009.5,"India","chicken"
"CY080353",2009.5,"India","chicken"
"EU408788",2006.5,"India","chicken"
"GU083635",2008.5,"India","chicken"
"GU083629",2008.5,"India","chicken"
"GU354071",2008.5,"India","chicken"
"GU356581",2009.5,"India","chicken"
"GU271996",2009.5,"India","chicken"
"CY080361",2009.5,"India","chicken"
"GU083651",2009.5,"India","chicken"
"GU083659",2009.5,"India","chicken"
"CY080369",2009.5,"India","chicken"
"GU272004",2009.5,"India","chicken"
"CY061292",2010.5,"India","chicken"
"CY061300",2010.5,"India","chicken"
"GU083607",2008.5,"India","chicken"
"GU083613",2008.5,"India","chicken"
"CY080377",2008.5,"India","chicken"
"GU083621",2008.5,"India","chicken"
"CY080385",2008.5,"India","chicken"
"GU083643",2008.5,"India","chicken"
"CY080393",2008.5,"India","chicken"
"KM892796",2009.5,"Indonesia","chicken"
"GQ122467",2005.5,"Indonesia","chicken"
"GQ122473",2005.5,"Indonesia","chicken"
"DQ493355",2004.5,"Indonesia","chicken"
"DQ493356",2004.5,"Indonesia","chicken"
"GQ122515",2006.5,"Indonesia","chicken"
"DQ321327",2005.5,"Indonesia","chicken"
"KY614910",2016.5,"Indonesia","chicken"
"GQ122491",2005.5,"Indonesia","chicken"
"DQ493367",2005.5,"Indonesia","chicken"
"DQ493368",2005.5,"Indonesia","chicken"
"KY614989",2016.5,"Indonesia","chicken"
"GQ122431",2003.5,"Indonesia","chicken"
"GQ122497",2006.5,"Indonesia","chicken"
"GQ122545",2006.5,"Indonesia","chicken"
"GQ122503",2006.5,"Indonesia","chicken"
"GQ122553",2006.5,"Indonesia","chicken"
"GQ122509",2006.5,"Indonesia","chicken"
"GQ122561",2006.5,"Indonesia","chicken"
"GQ122527",2007.5,"Indonesia","chicken"
"GQ122533",2007.5,"Indonesia","chicken"
"GQ122539",2007.5,"Indonesia","chicken"
"GQ122443",2004.5,"Indonesia","chicken"
"KR732431",2007.5,"Indonesia","chicken"
"DQ493351",2005.5,"Indonesia","chicken"
"GU052416",2003.5,"Indonesia","chicken"
"AY651655",2003.5,"Indonesia","chicken"
"GU003872",2007.5,"Indonesia","chicken"
"MW871693",2018.5,"Indonesia","chicken"
"GU186743",2003.5,"Indonesia","chicken"
"GU052156",2003.5,"Indonesia","chicken"
"GU052164",2003.5,"Indonesia","chicken"
"AY651651",2003.5,"Indonesia","chicken"
"CY014191",2005.5,"Indonesia","chicken"
"CY014183",2005.5,"Indonesia","chicken"
"AY651653",2003.5,"Indonesia","chicken"
"DQ493357",2004.5,"Indonesia","chicken"
"KY614949",2016.5,"Indonesia","chicken"
"DQ493352",2005.5,"Indonesia","chicken"
"DQ321326",2004.5,"Indonesia","chicken"
"DQ493350",2004.5,"Indonesia","chicken"
"KY614870",2016.5,"Indonesia","chicken"
"DQ493362",2004.5,"Indonesia","chicken"
"DQ493360",2004.5,"Indonesia","chicken"
"DQ493361",2004.5,"Indonesia","chicken"
"KY614965",2016.5,"Indonesia","chicken"
"KY614838",2016.5,"Indonesia","chicken"
"KY614846",2016.5,"Indonesia","chicken"
"GU052431",2003.5,"Indonesia","chicken"
"DQ493343",2005.5,"Indonesia","chicken"
"KY614862",2016.5,"Indonesia","chicken"
"DQ493342",2004.5,"Indonesia","chicken"
"DQ493358",2004.5,"Indonesia","chicken"
"DQ493344",2004.5,"Indonesia","chicken"
"DQ493363",2004.5,"Indonesia","chicken"
"KY614957",2016.5,"Indonesia","chicken"
"KR732501",2007.5,"Indonesia","chicken"
"DQ493345",2003.5,"Indonesia","chicken"
"DQ493353",2004.5,"Indonesia","chicken"
"DQ493348",2005.5,"Indonesia","chicken"
"DQ321323",2005.5,"Indonesia","chicken"
"KY614822",2014.5,"Indonesia","chicken"
"DQ493365",2005.5,"Indonesia","chicken"
"KY614830",2014.5,"Indonesia","chicken"
"KY614902",2016.5,"Indonesia","chicken"
"GQ122569",2006.5,"Indonesia","chicken"
"GQ122521",2006.5,"Indonesia","chicken"
"DQ493346",2003.5,"Indonesia","chicken"
"KY614878",2016.5,"Indonesia","chicken"
"KY614973",2016.5,"Indonesia","chicken"
"GQ122479",2005.5,"Indonesia","chicken"
"GQ122485",2005.5,"Indonesia","chicken"
"MZ976837",2017.5,"Indonesia","chicken"
"DQ493369",2005.5,"Indonesia","chicken"
"DQ493366",2005.5,"Indonesia","chicken"
"DQ321328",2005.5,"Indonesia","chicken"
"KR732417",2007.5,"Indonesia","chicken"
"KR732485",2008.5,"Indonesia","chicken"
"GQ122425",2003.5,"Indonesia","chicken"
"KR732497",2006.5,"Indonesia","chicken"
"KR732518",2006.5,"Indonesia","chicken"
"DQ321324",2003.5,"Indonesia","chicken"
"DQ321325",2004.5,"Indonesia","chicken"
"GQ337908",2008.5,"Iran","chicken"
"EU574925",2008.5,"Israel","chicken"
"EU429981",2006.5,"Israel","chicken"
"AB684177",2011.5,"Japan","chicken"
"AB684117",2011.5,"Japan","chicken"
"LC699174",2021.5,"Japan","chicken"
"AB684220",2011.5,"Japan","chicken"
"AB684234",2011.5,"Japan","chicken"
"LC699182",2021.5,"Japan","chicken"
"LC699662",2022.5,"Japan","chicken"
"LC705180",2022.5,"Japan","chicken"
"LC699150",2021.5,"Japan","chicken"
"LC208487",2015.5,"Japan","chicken"
"AB684110",2011.5,"Japan","chicken"
"LC699646",2021.5,"Japan","chicken"
"AB188822",2004.5,"Japan","chicken"
"AB684191",2011.5,"Japan","chicken"
"AB684163",2011.5,"Japan","chicken"
"AB684198",2011.5,"Japan","chicken"
"AB684213",2011.5,"Japan","chicken"
"AB684148",2011.5,"Japan","chicken"
"AB684155",2011.5,"Japan","chicken"
"AB684096",2011.5,"Japan","chicken"
"AB684134",2011.5,"Japan","chicken"
"AB684126",2011.5,"Japan","chicken"
"AB684103",2011.5,"Japan","chicken"
"AB684206",2011.5,"Japan","chicken"
"AB684141",2011.5,"Japan","chicken"
"AB188814",2004.5,"Japan","chicken"
"LC699166",2021.5,"Japan","chicken"
"AB684082",2010.5,"Japan","chicken"
"AB684184",2011.5,"Japan","chicken"
"AB166860",2004.5,"Japan","chicken"
"GU186714",2004.5,"Japan","chicken"
"CY029946",2007.5,"Kuwait","chicken"
"CY029954",2007.5,"Kuwait","chicken"
"CY029962",2007.5,"Kuwait","chicken"
"CY029970",2007.5,"Kuwait","chicken"
"CY029978",2007.5,"Kuwait","chicken"
"CY029986",2007.5,"Kuwait","chicken"
"CY029994",2007.5,"Kuwait","chicken"
"HM006749",2006.5,"Laos","Chicken"
"CY098295",2010.5,"Lao","chicken"
"CY040988",2008.5,"Laos","chicken"
"CY040996",2008.5,"Laos","chicken"
"CY041004",2008.5,"Laos","chicken"
"CY041012",2008.5,"Laos","chicken"
"CY041020",2008.5,"Laos","chicken"
"CY041028",2008.5,"Laos","chicken"
"CY040940",2007.5,"Laos","chicken"
"KF735636",2010.5,"Laos","chicken"
"CY030483",2007.5,"Laos","chicken"
"CY034686",2007.5,"Laos","chicken"
"CY040972",2007.5,"Laos","chicken"
"CY034710",2007.5,"Laos","chicken"
"CY034718",2007.5,"Laos","chicken"
"KX644139",2016.5,"Lebanon","chicken"
"CY029773",2007.5,"Malaysia","chicken"
"DQ321329",2004.5,"Malaysia","chicken"
"AB478018",2007.5,"Myanmar","chicken"
"MN046340",2017.5,"Myanmar","chicken"
"MN046348",2017.5,"Myanmar","chicken"
"MN046332",2017.5,"Myanmar","chicken"
"MN046356",2017.5,"Myanmar","chicken"
"AB478017",2006.5,"Myanmar","chicken"
"JQ936709",2010.5,"Myanmar","chicken"
"JQ936725",2007.5,"Myanmar","chicken"
"JQ936717",2007.5,"Myanmar","chicken"
"JQ936701",2010.5,"Myanmar","chicken"
"JQ936685",2010.5,"Myanmar","chicken"
"AB478020",2007.5,"Myanmar","chicken"
"KP336355",2013.5,"Nepal","chicken"
"KP336356",2013.5,"Nepal","chicken"
"KP336357",2013.5,"Nepal","chicken"
"KP336342",2013.5,"Nepal","chicken"
"KP336358",2013.5,"Nepal","chicken"
"KP336344",2013.5,"Nepal","chicken"
"KP336350",2013.5,"Nepal","chicken"
"KP336359",2013.5,"Nepal","chicken"
"KP892989",2015.5,"Canada","chicken"
"KY063730",2015.5,"North America","chicken"
"HM208708",2006.5,"Pakistan","chicken"
"CY037760",2006.5,"Pakistan","chicken"
"CY037768",2006.5,"Pakistan","chicken"
"JN807925",2011.5,"South Korea","chicken"
"EU233697",2006.5,"South Korea","chicken"
"GQ412039",2008.5,"South Korea","chicken"
"JN807934",2011.5,"South Korea","chicken"
"EU233681",2006.5,"South Korea","chicken"
"EU233689",2006.5,"South Korea","chicken"
"EU233705",2006.5,"South Korea","chicken"
"GQ412040",2008.5,"South Korea","chicken"
"JN807935",2010.5,"South Korea","chicken"
"JN807938",2011.5,"South Korea","chicken"
"JN807929",2011.5,"South Korea","chicken"
"GQ412041",2008.5,"South Korea","chicken"
"GQ412042",2008.5,"South Korea","chicken"
"JN807931",2011.5,"South Korea","chicken"
"AY676027",2003.5,"South Korea","chicken"
"AY770994",2004.5,"Thailand","chicken"
"AB450518",2004.5,"Thailand","chicken"
"AB450519",2004.5,"Thailand","chicken"
"AY590582",2004.5,"Thailand","chicken"
"AB450521",2004.5,"Thailand","chicken"
"AB450526",2006.5,"Thailand","chicken"
"FJ750825",2008.5,"Thailand","chicken"
"FJ868023",2008.5,"Thailand","chicken"
"AB440330",2004.5,"Thailand","chicken"
"AB450524",2005.5,"Thailand","chicken"
"AB450522",2004.5,"Thailand","chicken"
"CY047452",2008.5,"Thailand","chicken"
"CY047456",2008.5,"Thailand","chicken"
"EU669191",2007.5,"Thailand","chicken"
"EU875392",2007.5,"Thailand","chicken"
"EU875389",2008.5,"Thailand","chicken"
"HM590787",2010.5,"Thailand","chicken"
"HM590795",2010.5,"Thailand","chicken"
"EU233414",2007.5,"Thailand","chicken"
"EU669196",2008.5,"Thailand","chicken"
"DQ334758",2005.5,"Thailand","chicken"
"DQ999875",2006.5,"Thailand","chicken"
"EU620655",2008.5,"Thailand","chicken"
"EU850414",2008.5,"Thailand","chicken"
"EU850422",2008.5,"Thailand","chicken"
"DQ334774",2005.5,"Thailand","chicken"
"DQ999886",2006.5,"Thailand","chicken"
"DQ999892",2006.5,"Thailand","chicken"
"EU620663",2008.5,"Thailand","chicken"
"FJ868020",2008.5,"Thailand","chicken"
"JQ794460",2006.5,"Thailand","chicken"
"JQ794468",2006.5,"Thailand","chicken"
"EF593100",2004.5,"Thailand","chicken"
"FJ750818",2008.5,"Thailand","chicken"
"FJ868031",2008.5,"Thailand","chicken"
"GU186767",2007.5,"Vietnam","chicken"
"JX420156",2007.5,"Vietnam","chicken"
"JX420204",2006.5,"Vietnam","chicken"
"GU050403",2007.5,"Vietnam","chicken"
"JX420180",2007.5,"Vietnam","chicken"
"KU311520",2013.5,"Vietnam","chicken"
"GU050481",2007.5,"Vietnam","chicken"
"JX420172",2007.5,"Vietnam","chicken"
"JX420164",2007.5,"Vietnam","chicken"
"JX420140",2007.5,"Vietnam","chicken"
"GU186722",2005.5,"Vietnam","chicken"
"GU050387",2007.5,"Vietnam","chicken"
"GU186738",2005.5,"Vietnam","chicken"
"AB823745",2012.5,"Vietnam","chicken"
"AB823753",2012.5,"Vietnam","chicken"
"AB818495",2012.5,"Vietnam","chicken"
"AB822988",2012.5,"Vietnam","chicken"
"AB818503",2012.5,"Vietnam","chicken"
"GU050529",2007.5,"Vietnam","chicken"
"CY016873",2005.5,"Vietnam","chicken"
"CY016881",2005.5,"Vietnam","chicken"
"CY017065",2005.5,"Vietnam","chicken"
"CY016841",2005.5,"Vietnam","chicken"
"AY651668",2004.5,"Vietnam","chicken"
"CY016849",2005.5,"Vietnam","chicken"
"CY016857",2005.5,"Vietnam","chicken"
"CY016865",2005.5,"Vietnam","chicken"
"DQ138149",2004.5,"Vietnam","chicken"
"DQ138151",2004.5,"Vietnam","chicken"
"DQ138155",2004.5,"Vietnam","chicken"
"DQ138150",2004.5,"Vietnam","chicken"
"DQ138154",2004.5,"Vietnam","chicken"
"MT547565",2019.5,"Vietnam","chicken"
"MT019994",2019.5,"Vietnam","chicken"
"MT020002",2019.5,"Vietnam","chicken"
"MT106920",2019.5,"Vietnam","chicken"
"MT106928",2019.5,"Vietnam","chicken"
"MT106936",2019.5,"Vietnam","chicken"
"MT106944",2019.5,"Vietnam","chicken"
"MT106904",2019.5,"Vietnam","chicken"
"DQ138157",2004.5,"Vietnam","chicken"
"DQ138153",2004.5,"Vietnam","chicken"
"DQ138158",2004.5,"Vietnam","chicken"
"MK964009",2013.5,"Vietnam","chicken"
"MK964151",2013.5,"Vietnam","chicken"
"DQ138152",2004.5,"Vietnam","chicken"
"DQ138145",2004.5,"Vietnam","chicken"
"DQ138148",2004.5,"Vietnam","chicken"
"CY028706",2004.5,"Vietnam","chicken"
"DQ493417",2004.5,"Vietnam","chicken"
"DQ493399",2004.5,"Vietnam","chicken"
"DQ493413",2004.5,"Vietnam","chicken"
"DQ493395",2004.5,"Vietnam","chicken"
"DQ493400",2004.5,"Vietnam","chicken"
"DQ493396",2004.5,"Vietnam","chicken"
"CY029943",2004.5,"Vietnam","chicken"
"CY029613",2007.5,"Vietnam","chicken"
"DQ493412",2004.5,"Vietnam","chicken"
"CY034204",2004.5,"Vietnam","chicken"
"DQ493378",2003.5,"Vietnam","chicken"
"DQ493379",2003.5,"Vietnam","chicken"
"EU930882",2005.5,"Vietnam","chicken"
"EU930898",2005.5,"Vietnam","chicken"
"EU930954",2005.5,"Vietnam","chicken"
"EU930978",2005.5,"Vietnam","chicken"
"EU931002",2005.5,"Vietnam","chicken"
"CY028714",2004.5,"Vietnam","chicken"
"CY028722",2004.5,"Vietnam","chicken"
"DQ493405",2004.5,"Vietnam","chicken"
"DQ321332",2003.5,"Vietnam","chicken"
"DQ493381",2003.5,"Vietnam","chicken"
"CY029629",2007.5,"Vietnam","chicken"
"DQ493382",2003.5,"Vietnam","chicken"
"DQ493387",2004.5,"Vietnam","chicken"
"DQ493376",2005.5,"Vietnam","chicken"
"DQ493411",2005.5,"Vietnam","chicken"
"DQ493402",2005.5,"Vietnam","chicken"
"DQ493391",2003.5,"Vietnam","chicken"
"DQ493392",2003.5,"Vietnam","chicken"
"DQ493398",2004.5,"Vietnam","chicken"
"DQ493409",2004.5,"Vietnam","chicken"
"DQ493393",2003.5,"Vietnam","chicken"
"CY033175",2004.5,"Vietnam","chicken"
"CY034212",2004.5,"Vietnam","chicken"
"CY036701",2004.5,"Vietnam","chicken"
"CY036709",2004.5,"Vietnam","chicken"
"CY036717",2004.5,"Vietnam","chicken"
"CY094805",2004.5,"Vietnam","chicken"
"CY094813",2004.5,"Vietnam","chicken"
"AY818130",2004.5,"Vietnam","chicken"
"DQ321331",2004.5,"Vietnam","chicken"
"DQ138156",2004.5,"Vietnam","chicken"
"LC497215",2018.5,"Vietnam","chicken"
"LC497223",2018.5,"Vietnam","chicken"
"LC167724",2015.5,"Vietnam","chicken"
"LC167732",2015.5,"Vietnam","chicken"
"LC167780",2015.5,"Vietnam","chicken"
"LC194821",2015.5,"Vietnam","chicken"
"LC167596",2015.5,"Vietnam","chicken"
"LC167612",2015.5,"Vietnam","chicken"
"LC167628",2015.5,"Vietnam","chicken"
"LC167636",2015.5,"Vietnam","chicken"
"LC194829",2015.5,"Vietnam","chicken"
"LC167660",2015.5,"Vietnam","chicken"
"LC167668",2015.5,"Vietnam","chicken"
"LC167804",2015.5,"Vietnam","chicken"
"LC331861",2015.5,"Vietnam","chicken"
"LC331869",2015.5,"Vietnam","chicken"
"LC331877",2015.5,"Vietnam","chicken"
"LC331885",2015.5,"Vietnam","chicken"
"KP097865",2008.5,"Vietnam","chicken"
"KR732444",2008.5,"Vietnam","chicken"
"CY030309",2007.5,"Vietnam","chicken"
"KY171502",2013.5,"Vietnam","chicken"
"KY171492",2013.5,"Vietnam","chicken"
"KY171512",2013.5,"Vietnam","chicken"
"KR732452",2008.5,"Vietnam","chicken"
"CY030341",2007.5,"Vietnam","chicken"
"KY171348",2012.5,"Vietnam","chicken"
"CY030381",2007.5,"Vietnam","chicken"
"CY030389",2007.5,"Vietnam","chicken"
"CY030413",2007.5,"Vietnam","chicken"
"KY171388",2013.5,"Vietnam","chicken"
"KY171396",2013.5,"Vietnam","chicken"
"KY171476",2013.5,"Vietnam","chicken"
"KY171484",2013.5,"Vietnam","chicken"
"KY170909",2013.5,"Vietnam","chicken"
"CY030253",2007.5,"Vietnam","chicken"
"KY171308",2013.5,"Vietnam","chicken"
"KY170933",2013.5,"Vietnam","chicken"
"KY171316",2013.5,"Vietnam","chicken"
"KY170997",2013.5,"Vietnam","chicken"
"KY171005",2013.5,"Vietnam","chicken"
"KR732458",2010.5,"Vietnam","chicken"
"CY030499",2007.5,"Vietnam","chicken"
"CY030507",2007.5,"Vietnam","chicken"
"CY030514",2007.5,"Vietnam","chicken"
"KR732511",2010.5,"Vietnam","chicken"
"CY030529",2007.5,"Vietnam","chicken"
"CY030537",2007.5,"Vietnam","chicken"
"KR732521",2011.5,"Vietnam","chicken"
"KP097866",2008.5,"Vietnam","chicken"
"KP097868",2011.5,"Vietnam","chicken"
"KP097869",2011.5,"Vietnam","chicken"
"KP097861",2013.5,"Vietnam","chicken"
"KP097862",2013.5,"Vietnam","chicken"
"KP097863",2013.5,"Vietnam","chicken"
"KP097864",2013.5,"Vietnam","chicken"
"KP097851",2012.5,"Vietnam","chicken"
"CY034220",2005.5,"Vietnam","chicken"
"CY094821",2005.5,"Vietnam","chicken"
"CY036725",2005.5,"Vietnam","chicken"
"CY035904",2005.5,"Vietnam","chicken"
"KY171069",2014.5,"Vietnam","chicken"
"KY171077",2014.5,"Vietnam","chicken"
"KY171085",2014.5,"Vietnam","chicken"
"KY171093",2014.5,"Vietnam","chicken"
"KY171117",2014.5,"Vietnam","chicken"
"KY171141",2014.5,"Vietnam","chicken"
"KY171149",2014.5,"Vietnam","chicken"
"KY171157",2014.5,"Vietnam","chicken"
"KY171165",2014.5,"Vietnam","chicken"
"KY171197",2014.5,"Vietnam","chicken"
"KY171213",2014.5,"Vietnam","chicken"
"KP638558",2005.5,"Vietnam","chicken"
"MK046669",2017.5,"Bangladesh","Duck"
"MK046082",2017.5,"Bangladesh","Duck"
"MK046637",2017.5,"Bangladesh","Duck"
"MK046645",2017.5,"Bangladesh","Duck"
"MK046661",2017.5,"Bangladesh","Duck"
"OL721743",2018.5,"Chottogram","Duck"
"OL721744",2018.5,"Chottogram","Duck"
"KM267832",2013.5,"Bangladesh","duck"
"KM267840",2013.5,"Bangladesh","duck"
"KM267848",2013.5,"Bangladesh","duck"
"KM267856",2013.5,"Bangladesh","duck"
"KF888422",2012.5,"Bangladesh","duck"
"KF888438",2013.5,"Bangladesh","duck"
"KF874285",2013.5,"Bangladesh","duck"
"KF888406",2013.5,"Bangladesh","duck"
"KT361986",2013.5,"Bangladesh","duck"
"KT361952",2013.5,"Bangladesh","duck"
"KT362010",2013.5,"Bangladesh","duck"
"KT361940",2013.5,"Bangladesh","duck"
"KT362028",2013.5,"Bangladesh","duck"
"KT361932",2013.5,"Bangladesh","duck"
"KT361924",2014.5,"Bangladesh","duck"
"KT361978",2014.5,"Bangladesh","duck"
"KT362020",2014.5,"Bangladesh","duck"
"KY629454",2014.5,"Bangladesh","duck"
"KY629486",2014.5,"Bangladesh","duck"
"KY629436",2014.5,"Bangladesh","duck"
"KY629438",2014.5,"Bangladesh","duck"
"KY629460",2014.5,"Bangladesh","duck"
"KY629441",2014.5,"Bangladesh","duck"
"KY629430",2014.5,"Bangladesh","duck"
"KY629507",2014.5,"Bangladesh","duck"
"KY629560",2014.5,"Bangladesh","duck"
"KY629520",2014.5,"Bangladesh","duck"
"KY629490",2014.5,"Bangladesh","duck"
"KY629480",2014.5,"Bangladesh","duck"
"KY635824",2015.5,"Bangladesh","duck"
"KY635558",2015.5,"Bangladesh","duck"
"KY635770",2015.5,"Bangladesh","duck"
"KY635816",2015.5,"Bangladesh","duck"
"KY635531",2015.5,"Bangladesh","duck"
"KY635632",2015.5,"Bangladesh","duck"
"KY635730",2015.5,"Bangladesh","duck"
"KY635510",2015.5,"Bangladesh","duck"
"KY635575",2015.5,"Bangladesh","duck"
"KY635568",2015.5,"Bangladesh","duck"
"KY635512",2015.5,"Bangladesh","duck"
"KY635712",2015.5,"Bangladesh","duck"
"KY635581",2015.5,"Bangladesh","duck"
"KY635646",2015.5,"Bangladesh","duck"
"KY635727",2015.5,"Bangladesh","duck"
"KY635465",2016.5,"Bangladesh","duck"
"KY635559",2016.5,"Bangladesh","duck"
"MG042167",2016.5,"Bangladesh","duck"
"MG042299",2016.5,"Bangladesh","duck"
"MG042300",2016.5,"Bangladesh","duck"
"MG042133",2016.5,"Bangladesh","duck"
"MG042444",2016.5,"Bangladesh","duck"
"MG042125",2016.5,"Bangladesh","duck"
"MG042423",2016.5,"Bangladesh","duck"
"MG042155",2016.5,"Bangladesh","duck"
"MG042410",2016.5,"Bangladesh","duck"
"MG132068",2016.5,"Bangladesh","duck"
"MG042214",2016.5,"Bangladesh","duck"
"MG042377",2016.5,"Bangladesh","duck"
"MG042183",2016.5,"Bangladesh","duck"
"MG042101",2016.5,"Bangladesh","duck"
"MG042453",2016.5,"Bangladesh","duck"
"MG042353",2016.5,"Bangladesh","duck"
"MG042321",2016.5,"Bangladesh","duck"
"MG042092",2016.5,"Bangladesh","duck"
"MG042336",2016.5,"Bangladesh","duck"
"MG042153",2016.5,"Bangladesh","duck"
"MG957629",2017.5,"Bangladesh","duck"
"MG957587",2017.5,"Bangladesh","duck"
"MG957581",2017.5,"Bangladesh","duck"
"MG957610",2017.5,"Bangladesh","duck"
"MG957543",2017.5,"Bangladesh","duck"
"MG957505",2017.5,"Bangladesh","duck"
"MG957598",2017.5,"Bangladesh","duck"
"MH135525",2017.5,"Bangladesh","duck"
"MH135493",2017.5,"Bangladesh","duck"
"MH135443",2017.5,"Bangladesh","duck"
"MH135560",2017.5,"Bangladesh","duck"
"MH135663",2017.5,"Bangladesh","duck"
"MH135548",2017.5,"Bangladesh","duck"
"MH135461",2017.5,"Bangladesh","duck"
"MH135441",2017.5,"Bangladesh","duck"
"MH135465",2017.5,"Bangladesh","duck"
"MH791592",2017.5,"Bangladesh","duck"
"MH791708",2017.5,"Bangladesh","duck"
"MH791768",2017.5,"Bangladesh","duck"
"MH791783",2017.5,"Bangladesh","duck"
"MH791741",2017.5,"Bangladesh","duck"
"MH791605",2017.5,"Bangladesh","duck"
"MH791913",2017.5,"Bangladesh","duck"
"MH791735",2017.5,"Bangladesh","duck"
"MH791865",2017.5,"Bangladesh","duck"
"MH791874",2017.5,"Bangladesh","duck"
"MH791910",2018.5,"Bangladesh","duck"
"MH791661",2018.5,"Bangladesh","duck"
"MH791555",2018.5,"Bangladesh","duck"
"MH791794",2018.5,"Bangladesh","duck"
"MH791855",2018.5,"Bangladesh","duck"
"MH791935",2018.5,"Bangladesh","duck"
"MH791889",2018.5,"Bangladesh","duck"
"MN209260",2018.5,"Bangladesh","duck"
"MN209244",2018.5,"Bangladesh","duck"
"MN209650",2018.5,"Bangladesh","duck"
"MN209675",2018.5,"Bangladesh","duck"
"MN209688",2018.5,"Bangladesh","duck"
"MN209614",2018.5,"Bangladesh","duck"
"MN209713",2018.5,"Bangladesh","duck"
"MN209684",2018.5,"Bangladesh","duck"
"MN209622",2018.5,"Bangladesh","duck"
"MN209664",2018.5,"Bangladesh","duck"
"MN209598",2018.5,"Bangladesh","duck"
"MN209576",2018.5,"Bangladesh","duck"
"MN209548",2018.5,"Bangladesh","duck"
"MN209587",2018.5,"Bangladesh","duck"
"MN209572",2018.5,"Bangladesh","duck"
"MN209608",2018.5,"Bangladesh","duck"
"MN209501",2018.5,"Bangladesh","duck"
"MN209594",2018.5,"Bangladesh","duck"
"MN209527",2018.5,"Bangladesh","duck"
"MN209448",2018.5,"Bangladesh","duck"
"MN209460",2018.5,"Bangladesh","duck"
"MN209466",2018.5,"Bangladesh","duck"
"MN209358",2018.5,"Bangladesh","duck"
"MN209339",2018.5,"Bangladesh","duck"
"MN209352",2018.5,"Bangladesh","duck"
"MT090622",2019.5,"Bangladesh","duck"
"MT090508",2019.5,"Bangladesh","duck"
"MT090191",2019.5,"Bangladesh","duck"
"MT090322",2019.5,"Bangladesh","duck"
"MT090592",2019.5,"Bangladesh","duck"
"MT090455",2019.5,"Bangladesh","duck"
"MT090392",2019.5,"Bangladesh","duck"
"MT090356",2019.5,"Bangladesh","duck"
"MT090516",2019.5,"Bangladesh","duck"
"MW466499",2019.5,"Bangladesh","duck"
"MT090560",2019.5,"Bangladesh","duck"
"MT090600",2019.5,"Bangladesh","duck"
"MW466441",2019.5,"Bangladesh","duck"
"MW466415",2019.5,"Bangladesh","duck"
"MW466309",2019.5,"Bangladesh","duck"
"MW466422",2019.5,"Bangladesh","duck"
"MW466295",2019.5,"Bangladesh","duck"
"MW467523",2019.5,"Bangladesh","duck"
"MW466380",2020.5,"Bangladesh","duck"
"MW467538",2020.5,"Bangladesh","duck"
"MW749805",2020.5,"Bangladesh","duck"
"MW749743",2020.5,"Bangladesh","duck"
"MW749018",2020.5,"Bangladesh","duck"
"OM938206",2020.5,"Bangladesh","duck"
"OM938312",2020.5,"Bangladesh","duck"
"OM938220",2020.5,"Bangladesh","duck"
"OM938198",2020.5,"Bangladesh","duck"
"OM938398",2020.5,"Bangladesh","duck"
"OM938290",2020.5,"Bangladesh","duck"
"OM938369",2020.5,"Bangladesh","duck"
"OM938334",2020.5,"Bangladesh","duck"
"OM938327",2020.5,"Bangladesh","duck"
"OM938168",2020.5,"Bangladesh","duck"
"OM938350",2020.5,"Bangladesh","duck"
"OM938342",2020.5,"Bangladesh","duck"
"OP023777",2021.5,"Bangladesh","duck"
"OP028636",2021.5,"Bangladesh","duck"
"OP023846",2021.5,"Bangladesh","duck"
"OP023900",2021.5,"Bangladesh","duck"
"OP023759",2021.5,"Bangladesh","duck"
"OP023599",2021.5,"Bangladesh","duck"
"OP023651",2021.5,"Bangladesh","duck"
"OP023785",2021.5,"Bangladesh","duck"
"OP023839",2021.5,"Bangladesh","duck"
"OP028532",2021.5,"Bangladesh","duck"
"OP023908",2021.5,"Bangladesh","duck"
"OP023563",2021.5,"Bangladesh","duck"
"OP023870",2021.5,"Bangladesh","duck"
"OP023791",2021.5,"Bangladesh","duck"
"OP023820",2021.5,"Bangladesh","duck"
"OP023540",2021.5,"Bangladesh","duck"
"OP023548",2021.5,"Bangladesh","duck"
"OP028533",2021.5,"Bangladesh","duck"
"OP028536",2021.5,"Bangladesh","duck"
"OP023532",2021.5,"Bangladesh","duck"
"OP023799",2021.5,"Bangladesh","duck"
"OP023681",2021.5,"Bangladesh","duck"
"OP023701",2021.5,"Bangladesh","duck"
"OP023716",2021.5,"Bangladesh","duck"
"OP028526",2021.5,"Bangladesh","duck"
"OP023636",2021.5,"Bangladesh","duck"
"OP028538",2021.5,"Bangladesh","duck"
"OP028530",2021.5,"Bangladesh","duck"
"OP030708",2021.5,"Bangladesh","duck"
"OP030700",2021.5,"Bangladesh","duck"
"OP030684",2021.5,"Bangladesh","duck"
"OP445026",2022.5,"Bangladesh","duck"
"OQ067847",2022.5,"Bangladesh","duck"
"OQ067802",2022.5,"Bangladesh","duck"
"OQ067780",2022.5,"Bangladesh","duck"
"MW676699",2011.5,"China","duck"
"MW676698",2010.5,"China","duck"
"MW676697",2010.5,"China","duck"
"MW676696",2010.5,"China","duck"
"MW676695",2010.5,"China","duck"
"MW676694",2010.5,"China","duck"
"MW676693",2010.5,"China","duck"
"MW676692",2011.5,"China","duck"
"MW676691",2011.5,"China","duck"
"MW676690",2010.5,"China","duck"
"MW676689",2010.5,"China","duck"
"MW676716",2010.5,"China","duck"
"MW676688",2010.5,"China","duck"
"MW676658",2010.5,"China","duck"
"MW676687",2011.5,"China","duck"
"MW676686",2011.5,"China","duck"
"MW676685",2010.5,"China","duck"
"MW676701",2010.5,"China","duck"
"MW676684",2010.5,"China","duck"
"MW676683",2011.5,"China","duck"
"MW676682",2010.5,"China","duck"
"MW676681",2010.5,"China","duck"
"MW676680",2011.5,"China","duck"
"MW676679",2011.5,"China","duck"
"MW676678",2010.5,"China","duck"
"MW676677",2011.5,"China","duck"
"MW676676",2011.5,"China","duck"
"MW676675",2010.5,"China","duck"
"MW676674",2010.5,"China","duck"
"MW676673",2011.5,"China","duck"
"MW676672",2011.5,"China","duck"
"MW676671",2011.5,"China","duck"
"MW676700",2011.5,"China","duck"
"MW676670",2011.5,"China","duck"
"MW676669",2010.5,"China","duck"
"MW676668",2010.5,"China","duck"
"MW676667",2010.5,"China","duck"
"MW676666",2010.5,"China","duck"
"MW676665",2010.5,"China","duck"
"MW676664",2010.5,"China","duck"
"MW676663",2010.5,"China","duck"
"MW676662",2010.5,"China","duck"
"MW676661",2010.5,"China","duck"
"AF468839",2001.5,"China","duck"
"DQ095749",2005.5,"China","duck"
"DQ095751",2005.5,"China","duck"
"HM172401",2006.5,"China","duck"
"HM172402",2005.5,"China","duck"
"MK554848",2017.5,"China","duck"
"MK554840",2017.5,"China","duck"
"MF116339",2012.5,"China","duck"
"AY518366",2003.5,"China","duck"
"MF116341",2012.5,"China","duck"
"KC261453",2007.5,"China","duck"
"GU727667",2008.5,"China","duck"
"GU727675",2009.5,"China","duck"
"GU721161",2002.5,"China","duck"
"AY585483",2002.5,"China","duck"
"EF124013",2005.5,"China","duck"
"EF124014",2005.5,"China","duck"
"EF123961",2005.5,"China","duck"
"EF123962",2005.5,"China","duck"
"EF123963",2005.5,"China","duck"
"EF123965",2005.5,"China","duck"
"AY585484",2002.5,"China","duck"
"AY585485",2001.5,"China","duck"
"AY585486",2000.5,"China","duck"
"EF123967",2006.5,"China","duck"
"EF123968",2006.5,"China","duck"
"EF123969",2006.5,"China","duck"
"DQ321270",2005.5,"China","duck"
"EF123955",2005.5,"China","duck"
"EF123956",2005.5,"China","duck"
"AY585487",2001.5,"China","duck"
"AY585488",2000.5,"China","duck"
"AY585489",2000.5,"China","duck"
"AY737302",2004.5,"China","duck"
"AY585490",2002.5,"China","duck"
"HM172387",2004.5,"China","duck"
"AY585491",2000.5,"China","duck"
"AY585492",1999.5,"China","duck"
"EU263343",2003.5,"China","duck"
"EF124029",2006.5,"China","duck"
"DQ366336",2004.5,"China","duck"
"DQ321278",2004.5,"China","duck"
"DQ321279",2004.5,"China","duck"
"EF124030",2006.5,"China","duck"
"EF123927",2006.5,"China","duck"
"EF124032",2006.5,"China","duck"
"DQ321280",2004.5,"China","duck"
"DQ321281",2004.5,"China","duck"
"DQ321282",2004.5,"China","duck"
"EF124034",2006.5,"China","duck"
"EF124037",2006.5,"China","duck"
"AY585493",2001.5,"China","duck"
"DQ321285",2004.5,"China","duck"
"DQ321287",2004.5,"China","duck"
"EU263351",2003.5,"China","duck"
"EF123973",2005.5,"China","duck"
"EF123929",2006.5,"China","duck"
"EF123974",2005.5,"China","duck"
"EF123976",2005.5,"China","duck"
"EF123979",2005.5,"China","duck"
"AY585494",2001.5,"China","duck"
"DQ321272",2004.5,"China","duck"
"EF123980",2005.5,"China","duck"
"EF123982",2005.5,"China","duck"
"DQ321273",2004.5,"China","duck"
"EF123984",2005.5,"China","duck"
"EF123930",2006.5,"China","duck"
"EF123985",2005.5,"China","duck"
"EF123986",2005.5,"China","duck"
"EF123987",2005.5,"China","duck"
"EF123918",2005.5,"China","duck"
"EF123988",2005.5,"China","duck"
"EF123920",2005.5,"China","duck"
"AY585495",2001.5,"China","duck"
"EF123922",2005.5,"China","duck"
"EF123923",2005.5,"China","duck"
"EF123924",2005.5,"China","duck"
"AY585496",2002.5,"China","duck"
"EF123926",2005.5,"China","duck"
"EF123932",2006.5,"China","duck"
"DQ321274",2004.5,"China","duck"
"EF123933",2006.5,"China","duck"
"DQ321294",2005.5,"China","duck"
"EF123934",2006.5,"China","duck"
"EF123907",2006.5,"China","duck"
"DQ321295",2005.5,"China","duck"
"DQ997518",2001.5,"China","duck"
"DQ321296",2005.5,"China","duck"
"EF124022",2006.5,"China","duck"
"EF124016",2006.5,"China","duck"
"EF124018",2006.5,"China","duck"
"EF123904",2005.5,"China","duck"
"EF123938",2006.5,"China","duck"
"EF124002",2005.5,"China","duck"
"EF124004",2005.5,"China","duck"
"EF124000",2005.5,"China","duck"
"EF124001",2005.5,"China","duck"
"EF123939",2006.5,"China","duck"
"FJ784812",2006.5,"China","duck"
"FJ784813",2006.5,"China","duck"
"FJ784814",2006.5,"China","duck"
"FJ784820",2007.5,"China","duck"
"DQ520850",2005.5,"China","duck"
"HM172360",2005.5,"China","duck"
"EU594347",2006.5,"China","duck"
"KY415837",2016.5,"China","duck"
"KY415838",2016.5,"China","duck"
"DQ997092",2002.5,"China","duck"
"DQ997168",2003.5,"China","duck"
"DQ997177",2003.5,"China","duck"
"KJ003985",2007.5,"China","duck"
"HM172381",2007.5,"China","duck"
"DQ095750",2005.5,"China","duck"
"EF124020",2006.5,"China","duck"
"DQ321306",2005.5,"China","duck"
"DQ321297",2005.5,"China","duck"
"CY029278",2002.5,"China","duck"
"CY029306",2003.5,"China","duck"
"DQ321298",2005.5,"China","duck"
"DQ321299",2005.5,"China","duck"
"DQ321300",2005.5,"China","duck"
"DQ321301",2005.5,"China","duck"
"DQ321302",2005.5,"China","duck"
"DQ321307",2005.5,"China","duck"
"DQ321308",2005.5,"China","duck"
"DQ321303",2005.5,"China","duck"
"DQ321304",2005.5,"China","duck"
"FJ784816",2007.5,"China","duck"
"FJ784817",2007.5,"China","duck"
"FJ784818",2007.5,"China","duck"
"HM172379",2006.5,"China","duck"
"GU182148",2007.5,"China","duck"
"CY029285",2003.5,"China","duck"
"KP233702",2005.5,"China","duck"
"EF123951",2006.5,"China","duck"
"FJ784823",2006.5,"China","duck"
"FJ784824",2006.5,"China","duck"
"EF123952",2006.5,"China","duck"
"CY029292",2003.5,"China","duck"
"EF123948",2005.5,"China","duck"
"EF123949",2005.5,"China","duck"
"CY029313",2004.5,"China","duck"
"EF123950",2005.5,"China","duck"
"FJ784809",2006.5,"China","duck"
"HM172384",2004.5,"China","duck"
"HM172389",2004.5,"China","duck"
"CY029320",2004.5,"China","duck"
"CY029299",2003.5,"China","duck"
"CY029271",2002.5,"China","duck"
"GU182164",2008.5,"China","duck"
"EF123953",2006.5,"China","duck"
"EF123954",2006.5,"China","duck"
"KT762429",2008.5,"China","duck"
"CY146642",2011.5,"China","duck"
"CY146690",2011.5,"China","duck"
"CY146698",2011.5,"China","duck"
"CY146706",2011.5,"China","duck"
"MK744005",2011.5,"China","duck"
"MK744013",2011.5,"China","duck"
"MK744021",2011.5,"China","duck"
"MK744029",2011.5,"China","duck"
"MK744037",2011.5,"China","duck"
"HM172391",2005.5,"China","duck"
"KJ907629",2013.5,"China","duck"
"KP288322",2013.5,"China","duck"
"GU596982",2008.5,"China","duck"
"AY856862",2004.5,"China","duck"
"AY585497",2001.5,"China","duck"
"AY585498",2001.5,"China","duck"
"AY585499",2002.5,"China","duck"
"AY585500",2002.5,"China","duck"
"AY585501",2001.5,"China","duck"
"MH341601",2017.5,"China","duck"
"MH341604",2017.5,"China","duck"
"DQ997529",2002.5,"China","duck"
"CY029012",2001.5,"China","duck"
"EF123941",2005.5,"China","duck"
"CY029019",2001.5,"China","duck"
"CY029026",2001.5,"China","duck"
"CY028998",2001.5,"China","duck"
"CY029047",2001.5,"China","duck"
"DQ321309",2003.5,"China","duck"
"CY029061",2001.5,"China","duck"
"CY029082",2001.5,"China","duck"
"CY029131",2002.5,"China","duck"
"KM251529",2014.5,"China","duck"
"KM251530",2014.5,"China","duck"
"KU143524",2015.5,"China","duck"
"KU143525",2015.5,"China","duck"
"CY029348",2003.5,"China","duck"
"CY029355",2003.5,"China","duck"
"CY029404",2003.5,"China","duck"
"CY029488",2004.5,"China","duck"
"EF123991",2005.5,"China","duck"
"EF123993",2005.5,"China","duck"
"CY029411",2003.5,"China","duck"
"HM172385",2006.5,"China","duck"
"CY029495",2004.5,"China","duck"
"CY030879",2006.5,"China","duck"
"CY029418",2003.5,"China","duck"
"EF123915",2005.5,"China","duck"
"CY029425",2003.5,"China","duck"
"CY029502",2004.5,"China","duck"
"EF123998",2005.5,"China","duck"
"EF123911",2005.5,"China","duck"
"CY030887",2006.5,"China","duck"
"EF123912",2005.5,"China","duck"
"EF123995",2005.5,"China","duck"
"CY029439",2003.5,"China","duck"
"CY029446",2003.5,"China","duck"
"EF123997",2005.5,"China","duck"
"CY030895",2006.5,"China","duck"
"CY029453",2003.5,"China","duck"
"EF123914",2005.5,"China","duck"
"CY029369",2003.5,"China","duck"
"CY029327",2002.5,"China","duck"
"CY029334",2002.5,"China","duck"
"AY585502",2000.5,"China","duck"
"KU042684",2014.5,"China","duck"
"JN646699",2011.5,"China","duck"
"JN646700",2011.5,"China","duck"
"JN646701",2011.5,"China","duck"
"JN646702",2011.5,"China","duck"
"JN646703",2011.5,"China","duck"
"JN646704",2011.5,"China","duck"
"JN646705",2011.5,"China","duck"
"AY585503",2000.5,"China","duck"
"DQ997415",2002.5,"China","duck"
"DQ321311",2005.5,"China","duck"
"DQ321312",2005.5,"China","duck"
"DQ321313",2005.5,"China","duck"
"DQ321314",2005.5,"China","duck"
"DQ321315",2005.5,"China","duck"
"DQ321316",2005.5,"China","duck"
"JX534587",2011.5,"China","duck"
"JX534595",2011.5,"China","duck"
"AY950277",2004.5,"China","duck"
"EU329175",2005.5,"China","duck"
"EU329188",2005.5,"China","duck"
"JX534571",2011.5,"China","duck"
"JX534579",2011.5,"China","duck"
"HM172403",2006.5,"China","duck"
"JX534547",2011.5,"China","duck"
"JX534555",2011.5,"China","duck"
"JX534563",2011.5,"China","duck"
"DQ835792",2004.5,"China","duck"
"MW063640",2019.5,"Egypt","Duck"
"LC106054",2015.5,"Egypt","Duck"
"LC106051",2015.5,"Egypt","Duck"
"LC106055",2015.5,"Egypt","Duck"
"CY044046",2008.5,"Egypt","Duck"
"KR732577",2009.5,"Egypt","Duck"
"JX080706",2010.5,"Egypt","Duck"
"JX080708",2010.5,"Egypt","Duck"
"KP035036",2013.5,"Egypt","Duck"
"KP035044",2013.5,"Egypt","Duck"
"CY016905",2006.5,"Egypt","Duck"
"AB496992",2007.5,"Egypt","Duck"
"AB496993",2007.5,"Egypt","Duck"
"AB496991",2007.5,"Egypt","Duck"
"AB496994",2007.5,"Egypt","Duck"
"AB496995",2007.5,"Egypt","Duck"
"AB468063",2007.5,"Egypt","Duck"
"AB496997",2007.5,"Egypt","Duck"
"AB496996",2007.5,"Egypt","Duck"
"FJ222282",2006.5,"Egypt","Duck"
"KF881497",2010.5,"Egypt","Duck"
"KF881422",2010.5,"Egypt","Duck"
"KF881311",2010.5,"Egypt","Duck"
"KF881537",2010.5,"Egypt","Duck"
"KF881354",2011.5,"Egypt","Duck"
"KF881661",2010.5,"Egypt","Duck"
"KF881429",2012.5,"Egypt","Duck"
"KF881406",2012.5,"Egypt","Duck"
"KF881588",2012.5,"Egypt","Duck"
"FJ222318",2007.5,"Egypt","Duck"
"KF881702",2012.5,"Egypt","Duck"
"CY126102",2010.5,"Egypt","Duck"
"CY125967",2010.5,"Egypt","Duck"
"LC106056",2015.5,"Egypt","Duck"
"LC106052",2015.5,"Egypt","Duck"
"GQ122449",2004.5,"Indonesia","duck"
"GQ122461",2004.5,"Indonesia","duck"
"MK981191",2016.5,"Indonesia","duck"
"KY614918",2016.5,"Indonesia","duck"
"KY614941",2016.5,"Indonesia","duck"
"KY614926",2016.5,"Indonesia","duck"
"DQ493359",2005.5,"Indonesia","duck"
"MW965493",2018.5,"Indonesia","duck"
"KY614981",2016.5,"Indonesia","duck"
"KY614894",2016.5,"Indonesia","duck"
"KY614814",2012.5,"Indonesia","duck"
"KY614933",2016.5,"Indonesia","duck"
"LC699158",2021.5,"Japan","duck"
"AB612907",2010.5,"Japan","duck"
"AB612899",2010.5,"Japan","duck"
"LC503260",2017.5,"Japan","duck"
"AB212278",2003.5,"Japan","duck"
"AB677889",2011.5,"Japan","duck"
"AB684227",2011.5,"Japan","duck"
"AB677873",2011.5,"Japan","duck"
"AB677865",2011.5,"Japan","duck"
"AB677857",2011.5,"Japan","duck"
"AB675583",2011.5,"Japan","duck"
"AB615235",2011.5,"Japan","duck"
"AB675501",2011.5,"Japan","duck"
"AB675534",2011.5,"Japan","duck"
"AB675542",2011.5,"Japan","duck"
"AB677849",2011.5,"Japan","duck"
"JN202570",2011.5,"South Korea","duck"
"JN202571",2011.5,"South Korea","duck"
"JN807936",2011.5,"South Korea","duck"
"EU233713",2006.5,"South Korea","duck"
"EU233721",2006.5,"South Korea","duck"
"JN807933",2010.5,"South Korea","duck"
"AY676028",2003.5,"South Korea","duck"
"JN807928",2011.5,"South Korea","duck"
"GQ412043",2008.5,"South Korea","duck"
"JN807945",2011.5,"South Korea","duck"
"GQ412044",2008.5,"South Korea","duck"
"JN807924",2011.5,"South Korea","duck"
"JQ710447",2010.5,"South Korea","duck"
"JN807921",2011.5,"South Korea","duck"
"JN807941",2010.5,"South Korea","duck"
"JF510045",2009.5,"South Korea","duck"
"JX497766",2009.5,"South Korea","duck"
"JX497774",2009.5,"South Korea","duck"
"GU186654",2004.5,"Thailand","duck"
"AB440331",2004.5,"Thailand","duck"
"AB450523",2004.5,"Thailand","duck"
"EU221255",2007.5,"Thailand","duck"
"EU616841",2007.5,"Thailand","duck"
"EU616849",2007.5,"Thailand","duck"
"EU676313",2008.5,"Thailand","duck"
"JQ794452",2006.5,"Thailand","duck"
"JQ794476",2006.5,"Thailand","duck"
"GQ387443",2006.5,"USA","duck"
"MG280461",2017.5,"USA","duck"
"CY014731",1981.5,"USA","duck"
"MG280179",2017.5,"USA","duck"
"OP377402",2022.5,"USA","duck"
"GU186791",2004.5,"USA","duck"
"CY053331",2004.5,"USA","duck"
"JF758819",2004.5,"USA","duck"
"MT200006",2019.5,"Vietnam","duck"
"MT200014",2019.5,"Vietnam","duck"
"MT200022",2019.5,"Vietnam","duck"
"MT199998",2019.5,"Vietnam","duck"
"MT547690",2019.5,"Vietnam","duck"
"DQ321334",2005.5,"Vietnam","duck"
"GU186751",2007.5,"Vietnam","duck"
"JX420236",2006.5,"Vietnam","duck"
"JX420132",2006.5,"Vietnam","duck"
"JX420220",2006.5,"Vietnam","duck"
"JX420188",2007.5,"Vietnam","duck"
"JX420228",2007.5,"Vietnam","duck"
"CY029533",2006.5,"Vietnam","duck"
"EU930970",2005.5,"Vietnam","duck"
"EU930986",2005.5,"Vietnam","duck"
"EU931010",2005.5,"Vietnam","duck"
"CY029637",2007.5,"Vietnam","duck"
"CY029669",2007.5,"Vietnam","duck"
"CY029573",2007.5,"Vietnam","duck"
"CY029677",2007.5,"Vietnam","duck"
"CY029693",2007.5,"Vietnam","duck"
"CY029701",2007.5,"Vietnam","duck"
"CY029717",2007.5,"Vietnam","duck"
"CY029741",2007.5,"Vietnam","duck"
"CY029757",2007.5,"Vietnam","duck"
"CY029765",2007.5,"Vietnam","duck"
"KX513131",2013.5,"Vietnam","duck"
"KX513127",2013.5,"Vietnam","duck"
"LC497239",2018.5,"Vietnam","duck"
"LC500380",2018.5,"Vietnam","duck"
"LC500388",2018.5,"Vietnam","duck"
"LC167700",2015.5,"Vietnam","duck"
"LC167740",2015.5,"Vietnam","duck"
"LC167748",2015.5,"Vietnam","duck"
"LC167756",2015.5,"Vietnam","duck"
"LC167764",2015.5,"Vietnam","duck"
"LC194845",2015.5,"Vietnam","duck"
"LC167540",2015.5,"Vietnam","duck"
"LC167548",2015.5,"Vietnam","duck"
"LC167556",2015.5,"Vietnam","duck"
"LC167564",2015.5,"Vietnam","duck"
"LC167580",2015.5,"Vietnam","duck"
"LC167620",2015.5,"Vietnam","duck"
"LC167644",2015.5,"Vietnam","duck"
"LC194837",2015.5,"Vietnam","duck"
"LC167796",2015.5,"Vietnam","duck"
"LC167788",2015.5,"Vietnam","duck"
"AB742253",2012.5,"Vietnam","duck"
"LC656315",2017.5,"Vietnam","duck"
"CY030317",2007.5,"Vietnam","duck"
"CY030397",2007.5,"Vietnam","duck"
"CY030405",2007.5,"Vietnam","duck"
"CY030437",2007.5,"Vietnam","duck"
"CY030261",2007.5,"Vietnam","duck"
"CY030543",2007.5,"Vietnam","duck"
"CY030269",2007.5,"Vietnam","duck"
"KU311528",2013.5,"Vietnam","duck"
"KU311536",2013.5,"Vietnam","duck"
"KU311544",2013.5,"Vietnam","duck"
"KU311552",2013.5,"Vietnam","duck"
"GU186759",2007.5,"Vietnam","duck"
"GU052531",2007.5,"Vietnam","duck"
"JX420212",2007.5,"Vietnam","duck"
"KU311560",2015.5,"Vietnam","duck"
"KU311568",2015.5,"Vietnam","duck"
"GU050379",2007.5,"Vietnam","duck"
"JX420196",2007.5,"Vietnam","duck"
"GU050434",2007.5,"Vietnam","duck"
"GU050395",2007.5,"Vietnam","duck"
"GU052508",2006.5,"Vietnam","duck"
"GU186775",2007.5,"Vietnam","duck"
"GU186730",2005.5,"Vietnam","duck"
"GU050449",2007.5,"Vietnam","duck"
"GU050441",2007.5,"Vietnam","duck"
"GU050521",2007.5,"Vietnam","duck"
"GU050545",2007.5,"Vietnam","duck"
"GU050426",2007.5,"Vietnam","duck"
"GU050465",2007.5,"Vietnam","duck"
"GU050419",2007.5,"Vietnam","duck"
"GU052539",2007.5,"Vietnam","duck"
"LC050613",2013.5,"Vietnam","duck"
"AB824277",2013.5,"Vietnam","duck"
"AB828587",2013.5,"Vietnam","duck"
"GU050363",2007.5,"Vietnam","duck"
"JX420124",2007.5,"Vietnam","duck"
"AB819035",2012.5,"Vietnam","duck"
"GU052401",2007.5,"Vietnam","duck"
"JX420148",2007.5,"Vietnam","duck"
"GU050505",2007.5,"Vietnam","duck"
"CY016889",2005.5,"Vietnam","duck"
"FJ812017",2008.5,"Vietnam","duck"
"FJ812018",2008.5,"Vietnam","duck"
"FJ812019",2008.5,"Vietnam","duck"
"CY017073",2005.5,"Vietnam","duck"
"CY017193",2005.5,"Vietnam","duck"
"CY016897",2005.5,"Vietnam","duck"
"FJ812020",2008.5,"Vietnam","duck"
"FJ812021",2008.5,"Vietnam","duck"
"FJ812022",2008.5,"Vietnam","duck"
"FJ812015",2006.5,"Vietnam","duck"
"FJ812013",2006.5,"Vietnam","duck"
"FJ812014",2006.5,"Vietnam","duck"
"DQ138162",2004.5,"Vietnam","duck"
"FJ812016",2007.5,"Vietnam","duck"
"MK943255",2015.5,"Vietnam","duck"
"GU052447",2005.5,"Vietnam","duck"
"GU186662",2005.5,"Vietnam","duck"
"MK964947",2012.5,"Vietnam","duck"
"DQ138146",2004.5,"Vietnam","duck"
"DQ138161",2004.5,"Vietnam","duck"
"KR732504",2007.5,"Vietnam","duck"
"KR732456",2007.5,"Vietnam","duck"
"KR732568",2007.5,"Vietnam","duck"
"CY016833",2005.5,"Vietnam","duck"
"DQ366304",2005.5,"Vietnam","duck"
"CY029557",2007.5,"Vietnam","duck"
"CY029509",2005.5,"Vietnam","duck"
"CY029517",2005.5,"Vietnam","duck"
"CY029525",2005.5,"Vietnam","duck"
"CY029541",2005.5,"Vietnam","duck"
"DQ493401",2004.5,"Vietnam","duck"
"DQ493370",2003.5,"Vietnam","duck"
"DQ493372",2003.5,"Vietnam","duck"
"CY034772",2005.5,"Vietnam","duck"
"CY029549",2005.5,"Vietnam","duck"
"CY029621",2007.5,"Vietnam","duck"
"CY029565",2007.5,"Vietnam","duck"
"EU930890",2005.5,"Vietnam","duck"
"EU930906",2005.5,"Vietnam","duck"
"EU930914",2005.5,"Vietnam","duck"
"EU930922",2005.5,"Vietnam","duck"
"EU930930",2005.5,"Vietnam","duck"
"EU930938",2005.5,"Vietnam","duck"
"EU930946",2005.5,"Vietnam","duck"
"EU930962",2005.5,"Vietnam","duck"
"EU930994",2005.5,"Vietnam","duck"
"EU931018",2005.5,"Vietnam","duck"
"DQ493384",2004.5,"Vietnam","duck"
"EU931026",2005.5,"Vietnam","duck"
"DQ493385",2004.5,"Vietnam","duck"
"DQ493415",2004.5,"Vietnam","duck"
"DQ493374",2005.5,"Vietnam","duck"
"DQ493407",2005.5,"Vietnam","duck"
"DQ493397",2005.5,"Vietnam","duck"
"DQ493389",2005.5,"Vietnam","duck"
"CY029645",2007.5,"Vietnam","duck"
"CY034228",2005.5,"Vietnam","duck"
"CY029653",2007.5,"Vietnam","duck"
"DQ493403",2005.5,"Vietnam","duck"
"CY029661",2007.5,"Vietnam","duck"
"DQ493373",2004.5,"Vietnam","duck"
"CY029685",2007.5,"Vietnam","duck"
"DQ493383",2004.5,"Vietnam","duck"
"CY029581",2007.5,"Vietnam","duck"
"CY029709",2007.5,"Vietnam","duck"
"CY029725",2007.5,"Vietnam","duck"
"CY029733",2007.5,"Vietnam","duck"
"DQ493416",2005.5,"Vietnam","duck"
"CY029749",2007.5,"Vietnam","duck"
"DQ493408",2005.5,"Vietnam","duck"
"DQ321333",2005.5,"Vietnam","duck"
"CY029589",2007.5,"Vietnam","duck"
"CY029597",2007.5,"Vietnam","duck"
"CY031178",2004.5,"Vietnam","duck"
"DQ366320",2005.5,"Vietnam","duck"
"CY029605",2007.5,"Vietnam","duck"
"CY031186",2004.5,"Vietnam","duck"
"CY033183",2004.5,"Vietnam","duck"
"CY094829",2005.5,"Vietnam","duck"
"AB593445",2008.5,"Vietnam","duck"
"LC500412",2018.5,"Vietnam","duck"
"LC500420",2018.5,"Vietnam","duck"
"LC500428",2018.5,"Vietnam","duck"
"LC500436",2018.5,"Vietnam","duck"
"LC167708",2015.5,"Vietnam","duck"
"LC167716",2015.5,"Vietnam","duck"
"LC194813",2015.5,"Vietnam","duck"
"LC167500",2015.5,"Vietnam","duck"
"LC167508",2015.5,"Vietnam","duck"
"LC167524",2015.5,"Vietnam","duck"
"LC167532",2015.5,"Vietnam","duck"
"LC167572",2015.5,"Vietnam","duck"
"LC167588",2015.5,"Vietnam","duck"
"LC167676",2015.5,"Vietnam","duck"
"LC363978",2016.5,"Vietnam","duck"
"LC363986",2016.5,"Vietnam","duck"
"LC363994",2016.5,"Vietnam","duck"
"LC364002",2016.5,"Vietnam","duck"
"LC364010",2016.5,"Vietnam","duck"
"LC364271",2017.5,"Vietnam","duck"
"LC364303",2017.5,"Vietnam","duck"
"LC364335",2017.5,"Vietnam","duck"
"AB742261",2012.5,"Vietnam","duck"
"AB742269",2012.5,"Vietnam","duck"
"AB742277",2012.5,"Vietnam","duck"
"AB742285",2012.5,"Vietnam","duck"
"AB742293",2012.5,"Vietnam","duck"
"AB972689",2014.5,"Vietnam","duck"
"AB972697",2014.5,"Vietnam","duck"
"AB972705",2014.5,"Vietnam","duck"
"AB972729",2014.5,"Vietnam","duck"
"AB979461",2014.5,"Vietnam","duck"
"AB979469",2014.5,"Vietnam","duck"
"AB979501",2014.5,"Vietnam","duck"
"AB979509",2014.5,"Vietnam","duck"
"KX513182",2013.5,"Vietnam","duck"
"DQ493388",2005.5,"Vietnam","duck"
"DQ493386",2004.5,"Vietnam","duck"
"KY171534",2013.5,"Vietnam","duck"
"KY171550",2012.5,"Vietnam","duck"
"KY171574",2012.5,"Vietnam","duck"
"KY171582",2012.5,"Vietnam","duck"
"KY171622",2013.5,"Vietnam","duck"
"KY171606",2013.5,"Vietnam","duck"
"KY171590",2013.5,"Vietnam","duck"
"KY171542",2013.5,"Vietnam","duck"
"KY171558",2012.5,"Vietnam","duck"
"KY171598",2013.5,"Vietnam","duck"
"KY171566",2012.5,"Vietnam","duck"
"KY171614",2013.5,"Vietnam","duck"
"CY030237",2007.5,"Vietnam","duck"
"CY030325",2007.5,"Vietnam","duck"
"CY030333",2007.5,"Vietnam","duck"
"KY171734",2015.5,"Vietnam","duck"
"CY030349",2007.5,"Vietnam","duck"
"KY171340",2012.5,"Vietnam","duck"
"CY030357",2007.5,"Vietnam","duck"
"CY030365",2007.5,"Vietnam","duck"
"CY030373",2007.5,"Vietnam","duck"
"CY030245",2007.5,"Vietnam","duck"
"KY171364",2012.5,"Vietnam","duck"
"KY171380",2012.5,"Vietnam","duck"
"CY030421",2007.5,"Vietnam","duck"
"CY030429",2007.5,"Vietnam","duck"
"KY171444",2013.5,"Vietnam","duck"
"KY171404",2013.5,"Vietnam","duck"
"KY171412",2013.5,"Vietnam","duck"
"KY171420",2013.5,"Vietnam","duck"
"KY171428",2013.5,"Vietnam","duck"
"KY171436",2013.5,"Vietnam","duck"
"KY171468",2013.5,"Vietnam","duck"
"KY171452",2013.5,"Vietnam","duck"
"KY171526",2013.5,"Vietnam","duck"
"KY171292",2013.5,"Vietnam","duck"
"CY030444",2007.5,"Vietnam","duck"
"CY030451",2007.5,"Vietnam","duck"
"KY170925",2013.5,"Vietnam","duck"
"KY171324",2013.5,"Vietnam","duck"
"KY171332",2013.5,"Vietnam","duck"
"KY171037",2013.5,"Vietnam","duck"
"KY171045",2013.5,"Vietnam","duck"
"KY171053",2013.5,"Vietnam","duck"
"KY170885",2013.5,"Vietnam","duck"
"CY030459",2007.5,"Vietnam","duck"
"KY171300",2013.5,"Vietnam","duck"
"KY171013",2013.5,"Vietnam","duck"
"KY171021",2013.5,"Vietnam","duck"
"CY030521",2007.5,"Vietnam","duck"
"CY030277",2007.5,"Vietnam","duck"
"KY171630",2013.5,"Vietnam","duck"
"CY030285",2007.5,"Vietnam","duck"
"CY030293",2007.5,"Vietnam","duck"
"CY030301",2007.5,"Vietnam","duck"
"KY171260",2013.5,"Vietnam","duck"
"KP097867",2011.5,"Vietnam","duck"
"KP097852",2012.5,"Vietnam","duck"
"KP097849",2011.5,"Vietnam","duck"
"KP097853",2012.5,"Vietnam","duck"
"KP097854",2012.5,"Vietnam","duck"
"KP097855",2012.5,"Vietnam","duck"
"KP097856",2012.5,"Vietnam","duck"
"KP097850",2012.5,"Vietnam","duck"
"KP097857",2012.5,"Vietnam","duck"
"KP097858",2012.5,"Vietnam","duck"
"KP097859",2012.5,"Vietnam","duck"
"KP097860",2012.5,"Vietnam","duck"
"CY031625",2005.5,"Vietnam","duck"
"CY094837",2005.5,"Vietnam","duck"
"CY034236",2005.5,"Vietnam","duck"
"CY034780",2005.5,"Vietnam","duck"
"CY094845",2005.5,"Vietnam","duck"
"CY033191",2005.5,"Vietnam","duck"
"KY171061",2014.5,"Vietnam","duck"
"KY170879",2014.5,"Vietnam","duck"
"KY171101",2014.5,"Vietnam","duck"
"KY171109",2014.5,"Vietnam","duck"
"KY171125",2014.5,"Vietnam","duck"
"KY171133",2014.5,"Vietnam","duck"
"KY171173",2014.5,"Vietnam","duck"
"KY171181",2014.5,"Vietnam","duck"
"KY171189",2014.5,"Vietnam","duck"
"KY171205",2014.5,"Vietnam","duck"
"KY171221",2014.5,"Vietnam","duck"
"AB727933",2012.5,"Vietnam","duck"
"AB735613",2012.5,"Vietnam","duck"
"AB769250",2012.5,"Vietnam","duck"
"AB780476",2012.5,"Vietnam","duck"
"AB780492",2012.5,"Vietnam","duck"
"AB780484",2012.5,"Vietnam","duck"
"AB700633",2011.5,"Vietnam","duck"
"AB715367",2011.5,"Vietnam","duck"
"AB775636",2012.5,"Vietnam","duck"
"AB778282",2011.5,"Vietnam","duck"
"KF182739",2012.5,"Vietnam","duck"
"KX644109",2012.5,"Vietnam","duck"
"KX644131",2012.5,"Vietnam","duck"
"KX644108",2012.5,"Vietnam","duck"
"KX644122",2012.5,"Vietnam","duck"
"KX644129",2012.5,"Vietnam","duck"
"KX644120",2012.5,"Vietnam","duck"
"KX644113",2012.5,"Vietnam","duck"
"KX644105",2012.5,"Vietnam","duck"
"KX644106",2012.5,"Vietnam","duck"
"KX644104",2012.5,"Vietnam","duck"
"KX644125",2012.5,"Vietnam","duck"
"KX644123",2012.5,"Vietnam","duck"
"KX644115",2012.5,"Vietnam","duck"
"KX644111",2012.5,"Vietnam","duck"
"KX644127",2012.5,"Vietnam","duck"
"KX644118",2013.5,"Vietnam","duck"
"KX644100",2013.5,"Vietnam","duck"
"KX644102",2013.5,"Vietnam","duck"
"KX644121",2013.5,"Vietnam","duck"
"KX644114",2013.5,"Vietnam","duck"
"KY170901",2013.5,"Vietnam","duck"
"KY171276",2013.5,"Vietnam","duck"
"KY170893",2013.5,"Vietnam","duck"
"KY171284",2013.5,"Vietnam","duck"
"KY171029",2013.5,"Vietnam","duck"
"KY171268",2013.5,"Vietnam","duck"
"DQ493394",2005.5,"Vietnam","duck"
"DQ321335",2005.5,"Vietnam","duck"
"KX644099",2012.5,"Vietnam","duck"
"KX644128",2012.5,"Vietnam","duck"
"KX644112",2012.5,"Vietnam","duck"
"KX644126",2012.5,"Vietnam","duck"
"KX644119",2012.5,"Vietnam","duck"
"KX644116",2012.5,"Vietnam","duck"
"KX644124",2012.5,"Vietnam","duck"
"KX644101",2012.5,"Vietnam","duck"
"KX644107",2012.5,"Vietnam","duck"
"KX644117",2012.5,"Vietnam","duck"
"KX644110",2012.5,"Vietnam","duck"
"KX644103",2012.5,"Vietnam","duck"
"KX644130",2012.5,"Vietnam","duck"
"JX241043",2007.5,"Vietnam","duck"
"GU050371",2007.5,"Vietnam","duck"
"GU050457",2007.5,"Vietnam","duck"
"GU050355",2007.5,"Vietnam","duck"
"GU050411",2007.5,"Vietnam","duck"
"GU050489",2007.5,"Vietnam","duck"
"KX513160",2013.5,"Vietnam","duck"
"AB972737",2013.5,"Vietnam","duck"
"AB972745",2013.5,"Vietnam","duck"
"LC010742",2014.5,"Vietnam","duck"
"LC010750",2014.5,"Vietnam","duck"
"LC010758",2014.5,"Vietnam","duck"
"LC010766",2014.5,"Vietnam","duck"
"LC010774",2014.5,"Vietnam","duck"
"GU050513",2007.5,"Vietnam","duck"
"LC010710",2013.5,"Vietnam","duck"
"AB828691",2013.5,"Vietnam","duck"
"AB824261",2013.5,"Vietnam","duck"
"LC050605",2013.5,"Vietnam","duck"
"AB824269",2013.5,"Vietnam","duck"
"GU050497",2007.5,"Vietnam","duck"
"GU050537",2007.5,"Vietnam","duck"
"MK963631",2013.5,"Vietnam","duck"
"MK963275",2014.5,"Vietnam","duck"
"LC364279",2017.5,"Vietnam","duck"
"LC364311",2017.5,"Vietnam","duck"
"LC364327",2017.5,"Vietnam","duck"
"AB741548",2011.5,"Vietnam","duck"
"AB787199",2012.5,"Vietnam","duck"
"AB787207",2012.5,"Vietnam","duck"
"AB807878",2012.5,"Vietnam","duck"
"AB807751",2012.5,"Vietnam","duck"
"AB827989",2013.5,"Vietnam","duck"
"AB828095",2013.5,"Vietnam","duck"
"AB828358",2013.5,"Vietnam","duck"
"AB829735",2013.5,"Vietnam","duck"
"AB829743",2013.5,"Vietnam","duck"
"AB849458",2013.5,"Vietnam","duck"
"AB847563",2013.5,"Vietnam","duck"
"AB972673",2014.5,"Vietnam","duck"
"AB972681",2014.5,"Vietnam","duck"
"AB741556",2011.5,"Vietnam","duck"
"AB972713",2014.5,"Vietnam","duck"
"AB972721",2014.5,"Vietnam","duck"
"AB979453",2014.5,"Vietnam","duck"
"AB979477",2014.5,"Vietnam","duck"
"AB979485",2014.5,"Vietnam","duck"
"AB979493",2014.5,"Vietnam","duck"
"AB741564",2011.5,"Vietnam","duck"
"LC010718",2014.5,"Vietnam","duck"
"LC010726",2014.5,"Vietnam","duck"
"LC010734",2014.5,"Vietnam","duck"
"KY171229",2015.5,"Vietnam","duck"
"KY171237",2015.5,"Vietnam","duck"
"KY171356",2012.5,"Vietnam","duck"
"KY171372",2012.5,"Vietnam","duck"
"CY031633",2005.5,"Vietnam","duck"
"AB728617",2012.5,"Vietnam","duck"
"AB778512",2011.5,"Vietnam","duck"
"AB716335",2011.5,"Vietnam","duck"
"AB715359",2011.5,"Vietnam","duck"
"AB636522",2011.5,"Vietnam","duck"
"KJ812107",2009.5,"Vietnam","duck"
"AB786674",2012.5,"Vietnam","duck"
"AB786682",2012.5,"Vietnam","duck"
"AB786690",2012.5,"Vietnam","duck"
"AB786698",2012.5,"Vietnam","duck"
"AB716327",2011.5,"Vietnam","duck"
"KX215224",2012.5,"Bhutan","wild bird"
"KX215343",2012.5,"Bhutan","wild bird"
"KX215354",2012.5,"Bhutan","wild bird"
"KX215430",2012.5,"Bhutan","wild bird"
"KX215243",2012.5,"Bhutan","wild bird"
"KX215399",2012.5,"Bhutan","wild bird"
"KX215467",2012.5,"Bhutan","wild bird"
"KX215455",2012.5,"Bhutan","wild bird"
"JN807927",2011.5,"South Korea","wild bird"
"DQ493404",2005.5,"Vietnam","wild bird"
